county,gis
Clay 1,Clay 1
Clay 2,Clay 2
Etna,Etna
Franklin 1,Franklin 1
Franklin 2,Franklin 2
Harrison 1,Harrison 1
Harrison 2,Harrison 2
Harrison 3,Harrison 3
Jackson 1,Jackson 1
Jackson 2,Jackson 2
Jefferson 1,Jefferson 1
Jefferson 2,Jefferson 2
Jefferson 3,Jefferson 3
Lake 1,Lake 1
Lake 2,Lake 2
Monroe,Monroe
Plain 1,Plain 1
Plain 2,Plain 2
Plain 3,Plain 3
Plain 4,Plain 4
Plain 5 City Of Warsaw,Plain 5
Plain 7,Plain 5 City 4
Prairie 1,Plain 7
Prairie 2,Prairie 1
Scott,Prairie 2
Seward 1,Prairie 2 - Warsaw
Seward 2,Scott
Tippecanoe 1,Seward 1
Tippecanoe 2,Seward 2
Tippecanoe 3,Tippecanoe 1
Tippecanoe 4,Tippecanoe 2
Turkey Creek 1,Tippecanoe 3
Turkey Creek 2,Tippecanoe 4
Turkey Creek 3,Turkey Creek 1
Turkey Creek 4,Turkey Creek 2
Turkey Creek 5,Turkey Creek 3
Turkey Creek 6,Turkey Creek 4
Van Buren 1,Turkey Creek 5
Van Buren 2,Turkey Creek 6
Van Buren 3,Van Buren 1
Ward 1 Precinct 1,Van Buren 2
Ward 1 Precinct 2,Van Buren 3
Ward 2 Precinct 1,W1P1
Ward 3 Precinct 1,W1P2
Ward 3 Precinct 2,W2P1
Ward 4 Precinct 1,W3P1
Ward 4 Precinct 2,W3P2
Ward 5 Precinct 1,W4P1
Ward 5 Precinct 2,W4P2
Washington 1,W5P1
Washington 2,W5P2
Washington 3,Washington 1
Wayne 1,Washington 2
Wayne 10,Washington 3
Wayne 11,Wayne 1
Wayne 12,Wayne 10
Wayne 13,Wayne 11
Wayne 2,Wayne 11 - Warsaw
Wayne 3,Wayne 12
Wayne 4,Wayne 13
Wayne 5,Wayne 2
Wayne 6,Wayne 2 - Winona Lake
Wayne 7,Wayne 3
Wayne 8,Wayne 4
Wayne 9,Wayne 5
NA,Wayne 6
NA,Wayne 7
NA,Wayne 8
NA,Wayne 8 - Warsaw
NA,Wayne 9
NA,Wayne 9 - Warsaw
